<?xml version="1.0" encoding="UTF-8"?>
<beans xmlns="http://www.springframework.org/schema/beans"
       xmlns:xsi="http://www.w3.org/2001/XMLSchema-instance"
       xsi:schemaLocation="http://www.springframework.org/schema/beans
             https://www.springframework.org/schema/beans/spring-beans.xsd">
    <!-- cfg dependent classes -->
    <bean id="dtdc"  class="com.nt.comps.DTDC"/>
    <bean id="bDart"  class="com.nt.comps.BlueDart"/>
    
    <!-- cfg Target class -->
    <bean id="fpkt"  class="com.nt.comps.Flipkart"  scope="request">
        <property name="courier" ref="bDart"/>  <!-- Setter Injection -->
    </bean>             
    
    
     <bean id="p1" class="com.nt.singleton.Printer"  factory-method="getInstance"  scope="prototype"/>
    <bean id="p2"  class="com.nt.singleton.Printer"   factory-method="getInstance"  scope="prototype"/> 
    
     <!-- <bean id="p1" class="com.nt.singleton.Printer"    scope="prototype"/>
    <bean id="p2"  class="com.nt.singleton.Printer"     scope="prototype"/> 
     -->         
</beans>             
             
             